step,vehicles,avg_speed,avg_waiting,queue_length,signal_phase
0,1,0.0,0.0,1,0
1,2,0.8946756701567211,0.0,1,0
2,3,2.003089023738479,0.0,1,0
3,4,3.057118520390941,0.0,1,0
4,5,4.0518262584647164,0.0,1,0
5,6,4.848806533430859,0.0,1,0
6,7,5.7027762083870694,0.0,1,0
7,8,6.127485519077321,0.0,1,0
8,9,6.842282458193477,0.0,1,0
9,10,6.905994929785879,0.0,1,0
10,11,7.9144721874400314,0.0,1,0
11,12,8.750032911255659,0.0,1,0
12,13,9.235373567821487,0.0,1,0
13,14,9.5246871124738,0.0,1,0
14,15,8.614722455908263,0.0,1,0
15,16,8.061143129413967,0.0,1,0
16,17,7.962324695363119,0.0,1,0
17,18,7.9226552174108,0.0,1,0
18,19,8.20234973265426,0.0,1,0
19,20,8.42961371980067,0.05,2,0
20,20,8.661908032032848,0.0,1,0
21,21,9.242787220732177,0.0,1,0
22,22,9.423784430550723,0.0,1,0
23,23,9.517266336504136,0.0,1,0
24,24,10.130432170353608,0.0,1,0
25,25,10.658481484371174,0.0,1,0
26,26,11.228864425016972,0.0,1,0
27,27,11.20942885686246,0.0,1,0
28,28,10.97396427412663,0.0,1,0
29,29,10.763106103059938,0.0,1,0
30,30,10.44133364422197,0.0,1,0
31,31,10.328108513466928,0.03225806451612903,2,0
32,32,10.451876806435251,0.0625,2,0
33,33,10.431754848837974,0.09090909090909091,2,0
34,34,10.621271550596859,0.11764705882352941,2,0
35,35,10.776958583845417,0.17142857142857143,3,0
36,36,10.460174323845255,0.2222222222222222,3,0
37,37,10.129423855436464,0.2702702702702703,3,0
38,37,9.740670276083401,0.32432432432432434,2,0
39,38,9.2856760872173,0.3684210526315789,3,0
40,39,9.09480720208714,0.41025641025641024,3,0
41,40,8.979373368928728,0.45,3,0
42,42,8.70944201943539,0.47619047619047616,4,0
43,43,8.805456686057164,0.5116279069767442,3,0
44,44,8.99338749859105,0.22727272727272727,2,0
45,45,9.50893338996446,0.24444444444444444,2,0
46,46,9.943331895168559,0.2608695652173913,2,0
47,47,10.350442271022738,0.2765957446808511,2,0
48,48,10.855255631144109,0.2916666666666667,2,0
49,48,11.179758554937658,0.3125,2,0
50,49,11.326228499826582,0.32653061224489793,2,0
51,50,11.409805562305854,0.34,2,0
52,51,11.344750324506148,0.35294117647058826,2,0
53,52,11.06543967362861,0.36538461538461536,2,0
54,53,10.907068993100532,0.37735849056603776,2,0
55,53,10.717830403135098,0.39622641509433965,2,0
56,54,10.732346189931691,0.4074074074074074,2,0
57,55,10.889850584195974,0.43636363636363634,3,0
58,56,11.158372018452848,0.42857142857142855,2,0
59,56,11.511549751145427,0.44642857142857145,2,0
60,57,11.627746574255461,0.0,1,0
61,58,11.737909920365006,0.0,1,0
62,59,11.685114709750945,0.0,1,0
63,60,11.795745614593192,0.0,1,0
64,61,11.92940725407866,0.0,1,0
65,61,11.697696032509224,0.0,1,0
66,62,11.500782265786444,0.016129032258064516,2,0
67,63,11.182643242617393,0.031746031746031744,2,0
68,63,11.376853064908616,0.0,0,0
69,63,11.555895237596495,0.0,1,0
70,64,11.722487567929829,0.0,1,0
71,66,11.507494166752783,0.0,2,0
72,67,11.44543464297553,0.014925373134328358,2,0
73,68,11.45161550921155,0.029411764705882353,2,0
74,68,11.791065463745348,0.04411764705882353,1,0
75,70,11.878338008180005,0.05714285714285714,3,0
76,71,11.93742748704456,0.07042253521126761,2,0
77,72,11.959568864507098,0.08333333333333333,2,0
78,73,11.749377809474632,0.0958904109589041,2,0
79,74,11.474774200467094,0.12162162162162163,3,0
80,75,11.023935074894217,0.14666666666666667,3,0
81,75,10.908499019457844,0.17333333333333334,3,0
82,76,10.969964399593646,0.21052631578947367,4,0
83,76,11.16825124753418,0.10526315789473684,4,0
84,76,11.356320768153921,0.10526315789473684,3,0
85,77,11.712983301869343,0.09090909090909091,2,0
86,78,12.060304620857274,0.0,1,0
87,79,12.385343854397908,0.0,1,0
88,80,12.434739942882103,0.0,1,0
89,81,12.428040020882666,0.0,1,0
90,82,12.068180658701607,0.0,1,0
91,83,11.781007495273268,0.012048192771084338,2,0
92,84,11.749321831265457,0.023809523809523808,2,0
93,85,11.705593928809098,0.058823529411764705,4,0
94,86,11.567580020230729,0.09302325581395349,4,0
95,86,11.342555904997074,0.09302325581395349,3,0
96,85,11.15101022767669,0.11764705882352941,3,0
97,86,11.107957135650388,0.1511627906976744,4,0
98,86,10.896435594167585,0.18604651162790697,4,0
99,87,10.826982689316749,0.21839080459770116,4,0
100,87,10.687957308462957,0.26436781609195403,5,0
101,88,10.762592935254206,0.3068181818181818,5,0
102,89,10.806634886269064,0.3595505617977528,6,0
103,90,10.82546152005172,0.36666666666666664,5,0
104,91,10.846857837706612,0.4065934065934066,5,0
105,91,10.74062994579639,0.45054945054945056,5,0
106,91,10.712964005140785,0.5164835164835165,7,0
107,91,10.845539087680383,0.5824175824175825,7,0
108,92,10.8991238692486,0.6413043478260869,7,0
109,93,11.068359935910765,0.7096774193548387,8,0
110,93,10.995758560058599,0.7849462365591398,8,0
111,93,11.444931516300962,0.7204301075268817,5,0
112,93,11.678678151681776,0.7741935483870968,6,0
113,95,11.68669240365655,0.8105263157894737,7,0
114,96,11.699187202012192,0.8541666666666666,6,0
115,96,11.546928115917497,0.90625,6,0
116,97,11.377690580862161,0.9484536082474226,6,0
117,97,11.338134022923674,1.0103092783505154,7,0
118,97,11.176157883165386,1.092783505154639,9,0
119,98,11.087424088606356,1.1428571428571428,8,0
120,98,10.806566773699227,0.9081632653061225,7,0
121,99,10.710525014037486,0.8080808080808081,7,0
122,100,10.714029106533605,0.57,7,0
123,101,10.655333665068662,0.2871287128712871,5,0
124,102,11.005059579663603,0.13725490196078433,4,0
125,103,11.1361043215828,0.08737864077669903,3,0
126,104,11.225319244323675,0.11538461538461539,4,0
127,102,11.558805639341665,0.14705882352941177,3,0
128,103,11.701041639006469,0.0970873786407767,3,0
129,103,11.936409683221129,0.038834951456310676,2,0
130,105,11.937971334053321,0.05714285714285714,4,0
131,104,11.851073055984488,0.0673076923076923,3,0
132,105,11.796351759093604,0.0761904761904762,3,0
133,105,11.631071725520279,0.08571428571428572,3,0
134,106,11.454750922193686,0.10377358490566038,3,0
135,106,11.61612877569006,0.1320754716981132,3,0
136,106,11.448541247306556,0.14150943396226415,3,0
137,107,11.060382548902412,0.16822429906542055,4,0
138,109,10.675742105000225,0.1743119266055046,4,0
139,110,10.953772721314657,0.08181818181818182,4,0
140,111,11.223139300466315,0.11711711711711711,5,0
141,111,11.350808493531405,0.16216216216216217,6,0
142,110,11.542032272432431,0.17272727272727273,5,0
143,110,11.36951088837236,0.20909090909090908,5,0
144,111,11.133539344859505,0.08108108108108109,3,0
145,112,11.10637217757116,0.044642857142857144,2,0
146,112,11.089642773241533,0.07142857142857142,3,0
147,112,11.055982109277023,0.044642857142857144,4,0
148,112,11.099336761054683,0.0625,4,0
149,113,11.381212068400826,0.035398230088495575,2,0
150,114,11.683428881062545,0.0,1,0
151,113,11.717089160277403,0.0,1,0
152,112,11.79152997467882,0.0,1,0
153,113,11.798345184334089,0.0,2,0
154,114,11.704037911027632,0.0,1,0
155,115,11.592821880407467,0.0,1,0
156,115,11.458188668653351,0.0,1,0
157,116,11.339474195372578,0.0,1,0
158,117,11.5551928425594,0.0,1,0
159,117,11.836279271225758,0.008547008547008548,2,0
160,117,12.035230131608674,0.017094017094017096,2,0
161,114,12.149778216850407,0.02631578947368421,2,0
162,115,12.259414041021836,0.008695652173913044,2,0
163,116,12.341473877298812,0.0,1,0
164,117,12.420857429712045,0.008547008547008548,2,0
165,117,12.387122088935413,0.0,1,0
166,118,12.45847366486553,0.0,1,0
167,119,12.383787255645258,0.0,1,0
168,120,12.114814780029771,0.0,1,0
169,120,11.893713316280946,0.0,1,0
170,120,11.829909765627452,0.0,1,0
171,120,11.764068982216031,0.008333333333333333,2,0
172,118,11.835204355681459,0.01694915254237288,2,0
173,116,11.797376542550639,0.02586206896551724,2,0
174,116,11.783260030759319,0.0,1,0
175,115,11.715593515168386,0.008695652173913044,2,0
176,114,11.78264294166472,0.0,0,0
177,114,11.811023940096442,0.0,1,0
178,115,11.603133229152068,0.008695652173913044,3,0
179,116,11.622202070462308,0.008620689655172414,2,0
180,115,11.656698161122794,0.0,1,0
181,116,11.538173167631498,0.008620689655172414,2,0
182,117,11.457552734249894,0.017094017094017096,2,0
183,116,11.261768941374914,0.034482758620689655,3,0
184,114,11.134138538579084,0.06140350877192982,4,0
185,112,11.300614722418336,0.07142857142857142,4,0
186,111,11.600529341099685,0.0990990990990991,4,0
187,112,11.532671346229415,0.10714285714285714,4,0
188,112,11.388796661952684,0.125,4,0
189,111,11.392325514527855,0.05405405405405406,2,0
190,109,11.447758014624982,0.07339449541284404,3,0
191,110,11.553234760008849,0.09090909090909091,3,0
192,111,11.684630729078274,0.10810810810810811,3,0
193,112,11.601421330109456,0.125,3,0
194,112,11.90624609326163,0.15178571428571427,3,0
195,112,11.70994705195215,0.17857142857142858,5,0
196,112,11.651138479476847,0.21428571428571427,5,0
197,112,11.656930806972312,0.125,4,0
198,111,11.677688645731036,0.02702702702702703,2,0
199,112,11.491282423610363,0.03571428571428571,2,0
200,111,11.338031257978761,0.05405405405405406,3,0
201,111,11.16028190422911,0.07207207207207207,2,0
202,112,11.076308703867031,0.07142857142857142,3,0
203,113,10.774320468314427,0.017699115044247787,2,0
204,114,10.67334163086424,0.02631578947368421,2,0
205,114,10.679496861606433,0.008771929824561403,2,0
206,114,10.73427042831117,0.008771929824561403,3,0
207,114,11.053346759980748,0.03508771929824561,4,0
208,115,11.150890333327578,0.06086956521739131,4,0
209,114,11.386756610765573,0.08771929824561403,3,0
210,115,11.436665365956797,0.12173913043478261,6,0
211,116,11.55907493084458,0.1206896551724138,5,0
212,116,11.627549931520173,0.07758620689655173,4,0
213,117,11.753586980721499,0.10256410256410256,4,0
214,117,11.89636721595393,0.1452991452991453,6,0
215,117,11.96097199103271,0.09401709401709402,4,0
216,117,11.854580020986402,0.11965811965811966,4,0
217,117,11.590872247000547,0.10256410256410256,4,0
218,118,11.463696287929935,0.07627118644067797,3,0
219,119,11.308845843095058,0.09243697478991597,3,0
220,120,11.091376602883223,0.125,5,0
221,120,11.03209651649301,0.16666666666666666,6,0
222,121,10.971298419057943,0.21487603305785125,7,0
223,120,10.984400442366507,0.275,8,0
224,120,10.970680736491776,0.31666666666666665,7,0
225,121,10.799304218722963,0.371900826446281,8,0
226,121,10.592143064777728,0.4132231404958678,7,0
227,122,10.803104969023963,0.4098360655737705,6,0
228,122,11.076170602652933,0.2459016393442623,5,0
229,122,11.502626256487314,0.16393442622950818,3,0
230,123,11.710318399090019,0.08943089430894309,2,0
231,123,11.691826808918082,0.0975609756097561,2,0
232,123,11.655270330667879,0.11382113821138211,3,0
233,124,11.574483456741177,0.14516129032258066,5,0
234,124,11.453881141091015,0.16129032258064516,5,0
235,125,11.466813005888374,0.208,7,0
236,125,11.50904346162759,0.264,8,0
237,126,11.61516148896017,0.23015873015873015,5,0
238,126,11.888737293099773,0.2619047619047619,5,0
239,125,12.004571856778817,0.264,5,0
240,126,11.987213912381229,0.30158730158730157,6,0
241,126,12.106642912933012,0.3412698412698413,6,0
242,127,12.131963453780534,0.3779527559055118,6,0
243,126,11.99821105779067,0.42063492063492064,5,0
244,127,11.746518344013326,0.4566929133858268,7,0
245,126,11.573647599178932,0.5079365079365079,7,0
246,126,11.36863196062905,0.5555555555555556,7,0
247,126,11.162658728934971,0.5793650793650794,6,0
248,127,11.3317629627047,0.6141732283464567,6,0
249,128,11.369487381199482,0.6640625,8,0
250,128,11.234588943234147,0.71875,8,0
251,127,10.810454764146973,0.7637795275590551,8,0
252,126,10.763605616658875,0.8412698412698413,10,0
253,125,10.55365386551993,0.92,10,0
254,126,10.222929955393953,0.9841269841269841,10,0
255,125,9.871510428889328,1.064,10,0
256,126,9.794707062888763,1.0873015873015872,10,0
257,126,9.71965548558184,0.9047619047619048,10,0
258,126,9.893059072176156,0.7063492063492064,7,0
259,126,10.0347747662697,0.4126984126984127,5,0
260,125,10.329685144278978,0.272,4,0
261,126,10.752891747271592,0.11904761904761904,3,0
262,123,10.996002514143315,0.04878048780487805,2,0
263,123,11.60979403079681,0.008130081300813009,2,0
264,122,11.559586829460995,0.0,1,0
265,122,11.62170968243804,0.00819672131147541,1,0
266,119,11.84964334510404,0.0,0,0
267,120,11.808642554326891,0.008333333333333333,2,0
268,121,11.645483702093427,0.008264462809917356,3,0
269,122,11.51592365313,0.02459016393442623,3,0
270,122,11.342143919474859,0.01639344262295082,2,0
271,122,11.057380996331606,0.02459016393442623,3,0
272,122,10.848512038356255,0.040983606557377046,3,0
273,122,10.610107426125825,0.07377049180327869,5,0
274,120,10.57535370738439,0.10833333333333334,4,0
275,119,10.603245871168149,0.14285714285714285,6,0
276,120,10.525067387994458,0.19166666666666668,7,0
277,121,10.488682637462754,0.24793388429752067,8,0
278,119,10.381015662949672,0.31932773109243695,9,0
279,120,10.18252914893646,0.38333333333333336,9,0
280,120,10.029216456733643,0.4166666666666667,8,0
281,120,10.060015781891401,0.375,8,0
282,120,10.109840250940861,0.35833333333333334,8,0
283,118,10.173886232546149,0.2711864406779661,5,0
284,119,10.25344292023454,0.21008403361344538,5,0
285,119,10.422407179730943,0.15126050420168066,6,0
286,120,10.419801856666291,0.125,5,0
287,120,10.614883299644497,0.15,4,0
288,120,10.796334410552815,0.14166666666666666,3,0
289,118,10.982246793506025,0.0423728813559322,1,0
290,119,11.04455251134462,0.05042016806722689,2,0
291,119,10.890608327712638,0.058823529411764705,3,0
292,120,10.923116051751514,0.06666666666666667,2,0
293,118,11.098147340262782,0.07627118644067797,2,0
294,118,11.460173774741364,0.0847457627118644,2,0
295,119,11.747432065687622,0.09243697478991597,2,0
296,119,11.974489331100253,0.10084033613445378,2,0
297,118,12.277733599723227,0.11016949152542373,1,0
298,119,12.347571269323266,0.11764705882352941,2,0
299,118,12.398104354355704,0.13559322033898305,3,0
300,120,12.279933983108695,0.13333333333333333,3,0
301,121,12.150040015302984,0.14049586776859505,2,0
302,120,11.913666919836878,0.15833333333333333,3,0
303,121,11.682416060843735,0.17355371900826447,3,0
304,121,11.682925021890183,0.024793388429752067,2,0
305,121,11.455545399817373,0.04132231404958678,3,0
306,121,11.56342217825085,0.06611570247933884,4,0
307,122,11.791687808278024,0.09836065573770492,5,0
308,123,12.047057697849656,0.11382113821138211,5,0
309,122,12.43381210909187,0.10655737704918032,2,0
310,122,12.57571640806266,0.12295081967213115,3,0
311,123,12.802292593668163,0.13821138211382114,3,0
312,124,12.837967333969113,0.1532258064516129,3,0
313,124,12.660083914811601,0.1693548387096774,3,0
314,125,12.33831325944442,0.104,2,0
315,123,12.101946522008637,0.13008130081300814,4,0
316,124,11.845495085611725,0.1532258064516129,5,0
317,122,11.547423097952858,0.20491803278688525,7,0
318,123,11.382251181125262,0.25203252032520324,7,0
319,123,11.537131317162094,0.25203252032520324,5,0
320,124,11.718639838995763,0.28225806451612906,5,0
321,124,11.816685624700282,0.21774193548387097,3,0
322,124,12.06427985531983,0.24193548387096775,4,0
323,123,12.447918949656772,0.2682926829268293,4,0
324,124,12.598677222707883,0.2903225806451613,4,0
325,124,12.644559100046019,0.3225806451612903,4,0
326,124,12.139678255176475,0.3467741935483871,6,0
327,123,11.807762889650157,0.3821138211382114,5,0
328,124,11.712037460277958,0.1935483870967742,4,0
329,125,11.56447662711617,0.112,5,0
330,125,11.553788344455153,0.08,5,0
331,126,11.565181849646512,0.07936507936507936,6,0
332,126,11.434033311261356,0.09523809523809523,6,0
333,127,11.562984753250555,0.09448818897637795,5,0
334,128,11.54726289560096,0.1171875,6,0
335,129,11.4890717134082,0.15503875968992248,6,0
336,127,11.39693467255763,0.2047244094488189,7,0
337,128,11.482661072937908,0.1953125,6,0
338,129,11.785381276968494,0.20155038759689922,8,0
339,130,11.943823015752974,0.2692307692307692,10,0
340,130,11.737378740785475,0.3384615384615385,10,0
341,131,11.848434717743848,0.4198473282442748,12,0
342,131,11.869879240255859,0.5038167938931297,11,0
343,132,11.801049193308003,0.5075757575757576,11,0
344,130,11.593538141183071,0.5923076923076923,11,0
345,129,11.24628644828938,0.3875968992248062,8,0
346,130,11.108264832344435,0.36153846153846153,8,0
347,132,10.976591236806064,0.3333333333333333,8,0
348,131,11.175710563776706,0.32061068702290074,5,0
349,131,11.527367900878573,0.3816793893129771,9,0
350,127,11.838228822483586,0.4566929133858268,9,0
351,124,12.055464648873288,0.532258064516129,9,0
352,123,12.004165645305022,0.5447154471544715,8,0
353,124,11.953950161374134,0.5564516129032258,7,0
354,124,11.636663592409427,0.6129032258064516,9,0
355,124,11.43103123491484,0.6774193548387096,9,0
356,124,11.412948852740245,0.7419354838709677,10,0
357,123,11.316948204625497,0.7804878048780488,9,0
358,123,11.321187083262968,0.8292682926829268,8,0
359,123,11.420647435677562,0.7154471544715447,8,0
360,122,11.396553473452467,0.5983606557377049,6,0
361,120,11.481498709956846,0.48333333333333334,5,0
362,119,11.371511821374769,0.4117647058823529,4,0
363,118,11.36861840037788,0.23728813559322035,4,0
364,117,11.500708448894677,0.23931623931623933,2,0
365,116,11.379238005302826,0.25,3,0
366,116,11.440946787702591,0.2413793103448276,1,0
367,115,11.539917300987785,0.25217391304347825,1,0
368,115,11.619876195785077,0.008695652173913044,1,0
369,113,11.75296354851809,0.017699115044247787,1,0
370,112,11.850282593742884,0.008928571428571428,1,0
371,112,11.96447099816722,0.03571428571428571,3,0
372,112,11.974861789170916,0.0625,3,0
373,111,12.290787925571728,0.10810810810810811,5,0
374,110,12.437450894164432,0.16363636363636364,6,0
375,110,12.2969722050575,0.21818181818181817,7,0
376,110,12.021861573626818,0.2818181818181818,7,0
377,109,11.77750689810402,0.3486238532110092,7,0
378,109,11.551535151535163,0.42201834862385323,8,0
379,109,11.549296466473484,0.5045871559633027,9,0
380,109,11.675760138546213,0.5688073394495413,9,0
381,109,11.874188200806719,0.6605504587155964,10,0
382,109,12.07352163064629,0.7522935779816514,10,0
383,109,12.096436461362003,0.8532110091743119,11,0
384,108,11.970701922982903,0.9629629629629629,11,0
385,108,11.80359784096089,1.0092592592592593,10,0
386,106,11.543777852366622,1.1226415094339623,10,0
387,106,11.691708048809792,1.1037735849056605,10,0
388,103,11.958287689073687,1.145631067961165,10,0
389,102,11.855031979847652,1.2549019607843137,10,0
390,100,12.042961076575102,1.38,10,0
391,97,12.039796232085024,1.5360824742268042,11,0
392,97,11.880639181708267,1.6494845360824741,11,0
393,95,11.99136008334624,1.8105263157894738,12,0
394,95,11.92120782036456,1.9157894736842105,11,0
395,94,11.594291246920006,2.0531914893617023,11,0
396,93,11.483621707192636,2.193548387096774,11,0
397,91,11.161678406224542,2.2967032967032965,11,0
398,91,10.91680814134138,2.4285714285714284,12,0
399,90,10.750754132851519,2.5555555555555554,11,0
400,86,10.289667939884312,2.802325581395349,11,0
401,85,10.581159866317769,2.9647058823529413,11,0
402,85,11.057611136564548,3.0941176470588236,11,0
403,85,11.30545676964794,3.223529411764706,11,0
404,83,11.307447760756551,3.433734939759036,11,0
405,82,11.067004128607008,3.6097560975609757,11,0
406,81,10.97137974107661,3.7901234567901234,11,0
407,81,11.072929228447165,3.6790123456790123,11,0
408,80,11.063619254775752,3.8625,11,0
409,78,11.169704486036338,4.115384615384615,12,0
410,77,11.056041201613924,4.298701298701299,11,0
411,76,11.283928165533272,4.5,11,0
412,74,11.393704701469503,4.783783783783784,12,0
413,71,11.526792015629727,4.549295774647887,11,0
414,70,11.432049789065816,4.771428571428571,11,0
415,70,11.366342731275848,4.928571428571429,11,0
416,70,11.224648732212051,5.014285714285714,10,0
417,70,10.933881996118622,5.1571428571428575,10,0
418,69,10.623193737962522,5.3768115942028984,10,0
419,67,10.785731262910607,4.940298507462686,9,0
420,66,11.093558944652544,3.893939393939394,7,0
421,65,11.02958908668176,3.1076923076923078,7,0
422,65,10.909424296976104,2.476923076923077,6,0
423,64,10.918131852378128,1.984375,6,0
424,62,11.188915221687763,1.7258064516129032,6,0
425,60,10.88092908186682,1.8,5,0
426,60,10.68104261897511,1.85,5,0
427,60,10.561090205608616,1.9,4,0
428,59,10.285371700766014,2.0,4,0
429,58,10.388368329871,2.1206896551724137,5,0
430,58,10.694895499775203,2.2241379310344827,6,0
431,57,10.590774058301088,2.3684210526315788,6,0
432,57,10.767191807607384,2.473684210526316,6,0
433,57,11.026984467803658,2.5789473684210527,6,0
434,56,11.120765405064924,2.642857142857143,5,0
435,56,11.058616528236499,2.4642857142857144,4,0
436,54,10.839662916408066,1.1851851851851851,2,0
437,53,10.871761863588262,0.18867924528301888,2,0
438,52,11.069250287016384,0.057692307692307696,2,0
439,52,11.274425229172998,0.11538461538461539,3,0
440,51,11.20351250823322,0.13725490196078433,2,0
441,50,10.924466648529405,0.22,4,0
442,49,10.498914358243404,0.2857142857142857,4,0
443,49,10.348027679048895,0.3673469387755102,4,0
444,49,10.789031754682796,0.2857142857142857,3,0
445,48,11.2084854232036,0.20833333333333334,3,0
446,47,11.357858816360539,0.14893617021276595,2,0
447,47,11.558799724875316,0.06382978723404255,1,0
448,47,11.988970820128685,0.0,0,0
449,46,12.37905527115835,0.0,0,0
450,46,12.44446503995229,0.0,0,0
451,46,12.316675457746339,0.0,0,0
452,43,12.385289072024522,0.0,0,0
453,42,12.221325430547143,0.0,0,0
454,42,11.593773627505609,0.0,0,0
455,42,11.533712531984174,0.0,0,0
456,41,11.242440316274335,0.0,0,0
457,40,11.56351515806021,0.0,0,0
458,39,12.291128673336349,0.0,0,0
459,39,12.414152457492795,0.0,0,0
460,39,12.659634583348986,0.0,0,0
461,39,12.973911901477548,0.0,0,0
462,38,13.456027709312039,0.0,0,0
463,38,13.62523828399964,0.0,0,0
464,38,13.26392100524601,0.0,0,0
465,38,13.022014640430104,0.0,0,0
466,37,12.751171298345719,0.0,0,0
467,35,12.885544961091455,0.0,0,0
468,34,13.168226651162863,0.0,0,0
469,33,13.231015415543931,0.0,0,0
470,33,13.14984603621793,0.0,0,0
471,33,13.3123347967114,0.0,0,0
472,33,13.371918822957422,0.0,0,0
473,32,13.218959536550994,0.0,0,0
474,31,13.080577715678215,0.0,0,0
475,30,12.703514042742963,0.0,0,0
476,29,13.208566348499668,0.0,0,0
477,29,13.403445120682754,0.0,0,0
478,29,13.193148941764223,0.0,0,0
479,29,12.976813686331823,0.0,0,0
480,26,13.754208419336736,0.0,0,0
481,26,13.87116840749971,0.0,0,0
482,25,14.278839466263198,0.0,0,0
483,25,14.779825580254943,0.0,0,0
484,25,15.02468417803197,0.0,0,0
485,25,14.964455067532365,0.0,0,0
486,24,14.94071754403926,0.0,0,0
487,24,14.892777104296455,0.0,0,0
488,23,14.741267871940337,0.0,0,0
489,23,14.458712046732616,0.0,0,0
490,22,14.285329208515295,0.0,0,0
491,21,13.38726185909875,0.0,0,0
492,21,13.20160882231302,0.0,0,0
493,20,13.169703090043914,0.0,0,0
494,20,12.87832472251058,0.0,0,0
495,20,12.894569061480453,0.0,0,0
496,20,12.998686055824525,0.0,0,0
497,19,13.56090155941591,0.0,0,0
498,19,13.717778186674076,0.0,0,0
499,17,13.936367600084104,0.0,0,0
500,16,13.587518097985335,0.0,0,0
501,16,13.183685751416022,0.0,0,0
502,15,13.816079074724833,0.0,0,0
503,14,13.671574758232941,0.0,0,0
504,14,12.8677100281878,0.0,0,0
505,14,12.656332592277659,0.0,0,0
506,13,12.652811677286245,0.0,0,0
507,13,12.077354489921971,0.0,0,0
508,13,11.51166050138154,0.0,0,0
509,13,10.975573083774172,0.0,0,0
510,12,10.916494900044617,0.0,0,0
511,12,10.809760306687009,0.0,0,0
512,12,11.058698005208244,0.0,0,0
513,12,10.78827565902575,0.0,0,0
514,12,10.220739923208525,0.0,0,0
515,12,10.210598195695228,0.0,0,0
516,12,11.003957485474738,0.0,0,0
517,12,11.571787636122073,0.0,0,0
518,12,11.986048490510035,0.0,0,0
519,12,12.482929006834391,0.0,0,0
520,12,12.808132810796453,0.0,0,0
521,11,13.302881368589674,0.0,0,0
522,11,12.808509924339795,0.0,0,0
523,11,12.976253476865509,0.0,0,0
524,10,11.512691492840533,0.0,0,0
525,9,11.957608017332285,0.0,0,0
526,9,11.602422080867427,0.0,0,0
527,9,11.68651640730916,0.0,0,0
528,8,11.591068082498815,0.0,0,0
529,8,11.597142553321909,0.0,0,0
530,8,11.526890619367325,0.0,0,0
531,8,11.839785338206081,0.0,0,0
532,7,12.600061944999922,0.0,0,0
533,7,12.951551367054112,0.0,0,0
534,7,13.257983714551992,0.0,0,0
535,7,14.353025239304802,0.0,0,0
536,7,15.412294399892543,0.0,0,0
537,7,16.59494701492859,0.0,0,0
538,7,16.954383757163797,0.0,0,0
539,7,16.9533596680804,0.0,0,0
540,7,16.62323507905783,0.0,0,0
541,7,16.419175931934852,0.0,0,0
542,7,15.752645061116059,0.0,0,0
543,6,15.914350046119134,0.0,0,0
544,6,15.102943315991398,0.0,0,0
545,6,14.309024495868385,0.0,0,0
546,6,14.478176804288411,0.0,0,0
547,6,14.858230606639102,0.0,0,0
548,6,16.10197419860246,0.0,0,0
549,6,16.14513658753519,0.0,0,0
550,6,16.021297246947224,0.0,0,0
551,6,15.845428540897771,0.0,0,0
552,6,14.785531392975466,0.0,0,0
553,5,14.256987472379937,0.0,0,0
554,5,14.113201948342047,0.0,0,0
555,5,15.058939540485406,0.0,0,0
556,5,16.160421217364746,0.0,0,0
557,5,17.115694578584925,0.0,0,0
558,5,17.66287095553865,0.0,0,0
559,5,18.37323531704181,0.0,0,0
560,5,19.371448252656826,0.0,0,0
561,5,19.38118385882658,0.0,0,0
562,5,18.10035292591226,0.0,0,0
563,5,15.801948260537134,0.0,0,0
564,5,12.58018749628993,0.0,0,0
565,5,10.188650761510264,0.0,0,0
566,5,8.927367900584743,0.0,0,0
567,5,8.719085091005006,0.0,0,0
568,4,8.152770400771402,0.0,0,0
569,4,7.495044523560094,0.0,0,0
570,4,7.261938575617496,0.0,0,0
571,4,8.27210970889035,0.0,0,0
572,4,9.090720491812409,0.0,0,0
573,4,8.788668401151549,0.0,0,0
574,4,7.550601912299243,0.0,0,0
575,3,5.910282803835179,0.0,0,0
576,3,4.93451657373734,0.0,0,0
577,3,3.265471202938105,0.0,0,0
578,3,4.084438141796839,0.0,0,0
579,3,4.996697107937515,0.0,0,0
580,3,5.065294803400404,0.0,0,0
581,2,8.88085226017363,0.0,0,0
582,2,10.123840882691685,0.0,0,0
583,2,8.197596350554008,0.0,0,0
584,2,8.77578259816822,0.0,0,0
585,2,8.41733920562277,0.0,0,0
586,2,9.726925831238837,0.0,0,0
587,2,10.683728528462447,0.0,0,0
588,2,11.93331603239952,0.0,0,0
589,2,13.084587972538642,0.0,0,0
590,2,14.04174073645732,0.0,0,0
591,2,14.015811739371891,0.0,0,0
592,2,14.214276948628285,0.0,0,0
593,2,13.438243960646249,0.0,0,0
594,1,15.220119854460089,0.0,0,0
595,1,15.220946563595525,0.0,0,0
596,1,15.352646870120978,0.0,0,0
597,1,15.492191215117082,0.0,0,0
598,1,15.391214691173836,0.0,0,0
599,1,15.641641746625854,0.0,0,0
600,1,15.025491519390224,0.0,0,0
601,1,13.979771316869517,0.0,0,0
602,1,9.479771316869517,0.0,0,0
603,1,5.957802736250082,0.0,0,0
604,1,3.4245902080632,0.0,0,0
605,1,3.632608932939656,0.0,0,0
606,1,4.007422191634141,0.0,0,0
607,1,5.9587668519544605,0.0,0,0
608,1,7.411510077289605,0.0,0,0
609,1,9.795352638171353,0.0,0,0
610,1,11.457430969628804,0.0,0,0
611,1,13.320949682275131,0.0,0,0
612,1,15.126642545220992,0.0,0,0
613,1,13.227712194358261,0.0,0,0
614,1,9.382203067354657,0.0,0,0
615,1,5.489466112740146,0.0,0,0
616,1,3.657980736568019,0.0,0,0
617,1,4.458370021418117,0.0,0,0
618,1,4.258266383655749,0.0,0,0
619,1,6.708470359155357,0.0,0,0
620,1,8.661929703051605,0.0,0,0
621,1,11.053043201136783,0.0,0,0
622,1,13.46709670446758,0.0,0,0
623,1,14.787770896895408,0.0,0,0
624,1,15.298118331750473,0.0,0,0
625,1,14.598523994722953,0.0,0,0
626,1,12.383459934163955,0.0,0,0
627,1,8.145132651997383,0.0,0,0
628,1,4.382660093474025,0.0,0,0
629,1,3.291967166256189,0.0,0,0
630,1,3.390529615100503,0.0,0,0
631,1,3.2423875092007517,0.0,0,0
632,1,4.727779116243154,0.0,0,0
633,1,6.1452410799395585,0.0,0,0
634,1,8.452548318769812,0.0,0,0
635,1,10.83129556818775,0.0,0,0
636,1,12.15729952605351,0.0,0,0
637,1,13.655212467041826,0.0,0,0
638,1,16.035272997961407,0.0,0,0
639,1,18.02265925378914,0.0,0,0
640,0,0.0,0.0,0,0
